"","Airline","Aircraft","FlightDuration","TravelMonth","IsInternational","SeatsEconomy","SeatsPremium","PitchEconomy","PitchPremium","WidthEconomy","WidthPremium","PriceEconomy","PricePremium","PriceRelative","SeatsTotal","FractionPremiumSeats","PitchDifference","WidthDifference"
"1","AirFrance","Boeing",6.91,"Sep","International",216,24,32,38,17,19,648,1710,1.64,240,0.1,6,2
"2","AirFrance","Boeing",6.91,"Oct","International",216,24,32,38,17,19,648,1710,1.64,240,0.1,6,2
"3","AirFrance","AirBus",9.5,"Oct","International",147,21,32,38,18,19,630,1611,1.56,168,0.13,6,1
"4","AirFrance","Boeing",6.91,"Aug","International",216,24,32,38,17,19,700,1710,1.44,240,0.1,6,2
"5","AirFrance","AirBus",9.5,"Sep","International",147,21,32,38,18,19,743,1611,1.17,168,0.13,6,1
"6","AirFrance","AirBus",13,"Sep","International",389,38,32,38,18,19,1522,3289,1.16,427,0.09,6,1
"7","AirFrance","AirBus",13,"Oct","International",389,38,32,38,18,19,1522,3289,1.16,427,0.09,6,1
"8","AirFrance","AirBus",9.5,"Aug","International",147,21,32,38,18,19,990,1611,0.63,168,0.13,6,1
"9","AirFrance","Boeing",6.91,"Jul","International",216,24,32,38,17,19,1094,1710,0.56,240,0.1,6,2
"10","AirFrance","Boeing",8.33,"Aug","International",200,28,32,38,17,19,2918,3972,0.36,228,0.12,6,2
"11","AirFrance","Boeing",8.33,"Sep","International",200,28,32,38,17,19,2918,3972,0.36,228,0.12,6,2
"12","AirFrance","Boeing",8.33,"Oct","International",200,28,32,38,17,19,2918,3972,0.36,228,0.12,6,2
"13","AirFrance","AirBus",8.33,"Jul","International",147,21,32,38,18,19,2659,2859,0.08,168,0.13,6,1
"14","AirFrance","AirBus",8.33,"Aug","International",147,21,32,38,18,19,2659,2859,0.08,168,0.13,6,1
"15","AirFrance","AirBus",8.33,"Sep","International",147,21,32,38,18,19,2659,2859,0.08,168,0.13,6,1
"16","AirFrance","AirBus",8.33,"Oct","International",147,21,32,38,18,19,2659,2859,0.08,168,0.13,6,1
"17","AirFrance","AirBus",8.33,"Jul","International",147,21,32,38,18,19,2659,2859,0.08,168,0.13,6,1
"18","AirFrance","AirBus",8.33,"Aug","International",147,21,32,38,18,19,2659,2859,0.08,168,0.13,6,1
"19","AirFrance","AirBus",8.33,"Sep","International",147,21,32,38,18,19,2659,2859,0.08,168,0.13,6,1
"20","AirFrance","AirBus",8.33,"Oct","International",147,21,32,38,18,19,2659,2859,0.08,168,0.13,6,1
"21","AirFrance","AirBus",7.33,"Aug","International",147,21,32,38,18,19,2607,2807,0.08,168,0.13,6,1
"22","AirFrance","AirBus",7.33,"Sep","International",147,21,32,38,18,19,2607,2807,0.08,168,0.13,6,1
"23","AirFrance","AirBus",7.33,"Oct","International",147,21,32,38,18,19,2607,2807,0.08,168,0.13,6,1
"24","AirFrance","AirBus",7.5,"Aug","International",389,38,32,38,18,19,2581,2781,0.08,427,0.09,6,1
"25","AirFrance","AirBus",7.5,"Sep","International",389,38,32,38,18,19,2581,2781,0.08,427,0.09,6,1
"26","AirFrance","Boeing",7.5,"Oct","International",200,28,32,38,17,19,2581,2781,0.08,228,0.12,6,2
"27","AirFrance","AirBus",6.83,"Sep","International",147,21,32,38,18,19,2860,3063,0.07,168,0.13,6,1
"28","AirFrance","AirBus",6.83,"Oct","International",147,21,32,38,18,19,2860,3063,0.07,168,0.13,6,1
"29","AirFrance","Boeing",6.83,"Aug","International",200,28,32,38,17,19,2860,3063,0.07,228,0.12,6,2
"30","AirFrance","Boeing",8.75,"Jul","International",200,28,32,38,17,19,3026,3226,0.07,228,0.12,6,2
"31","AirFrance","Boeing",8.75,"Aug","International",200,28,32,38,17,19,3026,3226,0.07,228,0.12,6,2
"32","AirFrance","Boeing",8.75,"Sep","International",200,28,32,38,17,19,3026,3226,0.07,228,0.12,6,2
"33","AirFrance","Boeing",10.66,"Aug","International",389,38,32,38,18,19,2996,3196,0.07,427,0.09,6,1
"34","AirFrance","Boeing",10.66,"Sep","International",389,38,32,38,18,19,2996,3196,0.07,427,0.09,6,1
"35","AirFrance","Boeing",10.66,"Oct","International",389,38,32,38,18,19,2996,3196,0.07,427,0.09,6,1
"36","AirFrance","AirBus",8.91,"Aug","International",147,21,32,38,18,19,2609,2787,0.07,168,0.13,6,1
"37","AirFrance","AirBus",8.91,"Sep","International",147,21,32,38,18,19,2609,2787,0.07,168,0.13,6,1
"38","AirFrance","AirBus",8.91,"Oct","International",147,21,32,38,18,19,2609,2787,0.07,168,0.13,6,1
"39","AirFrance","Boeing",7.66,"Aug","International",200,28,32,38,17,19,3057,3167,0.04,228,0.12,6,2
"40","AirFrance","Boeing",6.83,"Sep","International",200,28,32,38,17,19,3057,3167,0.04,228,0.12,6,2
"41","AirFrance","Boeing",6.83,"Oct","International",200,28,32,38,17,19,3057,3167,0.04,228,0.12,6,2
"42","AirFrance","AirBus",8.41,"Jul","International",389,38,32,38,18,19,2979,3088,0.04,427,0.09,6,1
"43","AirFrance","AirBus",8.5,"Aug","International",389,38,32,38,18,19,2979,3088,0.04,427,0.09,6,1
"44","AirFrance","AirBus",8.5,"Sep","International",389,38,32,38,18,19,2979,3088,0.04,427,0.09,6,1
"45","AirFrance","Boeing",8.5,"Oct","International",389,38,32,38,18,19,2979,3088,0.04,427,0.09,6,1
"46","AirFrance","AirBus",8.08,"Sep","International",147,21,32,38,18,19,2813,2922,0.04,168,0.13,6,1
"47","AirFrance","Boeing",9.5,"Jul","International",200,28,32,38,17,19,3414,3524,0.03,228,0.12,6,2
"48","AirFrance","Boeing",9.5,"Aug","International",200,28,32,38,17,19,3414,3524,0.03,228,0.12,6,2
"49","AirFrance","Boeing",9.5,"Sep","International",200,28,32,38,17,19,3414,3524,0.03,228,0.12,6,2
"50","AirFrance","Boeing",9.5,"Oct","International",200,28,32,38,17,19,3414,3524,0.03,228,0.12,6,2
"51","AirFrance","Boeing",7.75,"Jul","International",174,24,32,38,17,19,3215,3325,0.03,198,0.12,6,2
"52","AirFrance","Boeing",7.75,"Aug","International",174,24,32,38,17,19,3215,3325,0.03,198,0.12,6,2
"53","AirFrance","Boeing",7.75,"Sep","International",174,24,32,38,17,19,3215,3325,0.03,198,0.12,6,2
"54","AirFrance","Boeing",7.83,"Oct","International",174,24,32,38,17,19,3215,3325,0.03,198,0.12,6,2
"55","AirFrance","AirBus",9.18,"Jul","International",147,21,32,38,18,19,3165,3275,0.03,168,0.13,6,1
"56","AirFrance","AirBus",9.18,"Aug","International",147,21,32,38,18,19,3165,3275,0.03,168,0.13,6,1
"57","AirFrance","AirBus",9.25,"Sep","International",147,21,32,38,18,19,3165,3275,0.03,168,0.13,6,1
"58","AirFrance","AirBus",9.25,"Oct","International",147,21,32,38,18,19,3165,3275,0.03,168,0.13,6,1
"59","AirFrance","AirBus",9.16,"Jul","International",147,21,32,38,18,19,3165,3275,0.03,168,0.13,6,1
"60","AirFrance","AirBus",9.16,"Aug","International",147,21,32,38,18,19,3165,3275,0.03,168,0.13,6,1
"61","AirFrance","AirBus",9.25,"Sep","International",147,21,32,38,18,19,3165,3275,0.03,168,0.13,6,1
"62","AirFrance","AirBus",9.25,"Oct","International",147,21,32,38,18,19,3165,3275,0.03,168,0.13,6,1
"63","AirFrance","Boeing",9.41,"Aug","International",200,28,32,38,17,19,3480,3589,0.03,228,0.12,6,2
"64","AirFrance","Boeing",9.41,"Sep","International",200,28,32,38,17,19,3480,3589,0.03,228,0.12,6,2
"65","AirFrance","Boeing",9.41,"Oct","International",200,28,32,38,17,19,3480,3589,0.03,228,0.12,6,2
"66","AirFrance","Boeing",11.75,"Jul","International",174,24,32,38,17,19,3593,3702,0.03,198,0.12,6,2
"67","AirFrance","Boeing",11.75,"Aug","International",174,24,32,38,17,19,3593,3702,0.03,198,0.12,6,2
"68","AirFrance","Boeing",11.5,"Sep","International",389,38,32,38,18,19,3593,3702,0.03,427,0.09,6,1
"69","AirFrance","Boeing",11.5,"Oct","International",389,38,32,38,18,19,3593,3702,0.03,427,0.09,6,1
"70","AirFrance","Boeing",11.91,"Jul","International",200,28,32,38,17,19,3159,3243,0.03,228,0.12,6,2
"71","AirFrance","Boeing",11.91,"Aug","International",200,28,32,38,17,19,3159,3243,0.03,228,0.12,6,2
"72","AirFrance","Boeing",11.91,"Sep","International",200,28,32,38,17,19,3159,3243,0.03,228,0.12,6,2
"73","AirFrance","Boeing",11.91,"Oct","International",200,28,32,38,17,19,3159,3243,0.03,228,0.12,6,2
"74","AirFrance","AirBus",13,"Jul","International",389,38,32,38,18,19,3220,3289,0.02,427,0.09,6,1
"75","British","Boeing",13.83,"Aug","International",203,24,31,38,18,19,3102,7414,1.39,227,0.11,7,1
"76","British","Boeing",13.83,"Sep","International",203,24,31,38,18,19,3102,7414,1.39,227,0.11,7,1
"77","British","Boeing",13.83,"Oct","International",203,24,31,38,18,19,3102,7414,1.39,227,0.11,7,1
"78","British","Boeing",12.25,"Jul","International",122,40,31,38,18,19,2707,3725,0.38,162,0.25,7,1
"79","British","Boeing",12.25,"Aug","International",122,40,31,38,18,19,2707,3725,0.38,162,0.25,7,1
"80","British","Boeing",12.25,"Sep","International",122,40,31,38,18,19,2707,3725,0.38,162,0.25,7,1
"81","British","Boeing",12.25,"Oct","International",122,40,31,38,18,19,2707,3725,0.38,162,0.25,7,1
"82","British","AirBus",11.16,"Jul","International",303,55,31,38,18,19,2384,3563,0.49,358,0.15,7,1
"83","British","AirBus",11.16,"Aug","International",303,55,31,38,18,19,2384,3563,0.49,358,0.15,7,1
"84","British","AirBus",11.16,"Sep","International",303,55,31,38,18,19,2384,3563,0.49,358,0.15,7,1
"85","British","AirBus",11.16,"Oct","International",303,55,31,38,18,19,2384,3563,0.49,358,0.15,7,1
"86","British","AirBus",10.5,"Jul","International",303,55,31,38,18,19,1848,3536,0.91,358,0.15,7,1
"87","British","AirBus",10.5,"Aug","International",303,55,31,38,18,19,1848,3536,0.91,358,0.15,7,1
"88","British","AirBus",10.5,"Sep","International",303,55,31,38,18,19,1848,3536,0.91,358,0.15,7,1
"89","British","AirBus",10.5,"Oct","International",303,55,31,38,18,19,1848,3536,0.91,358,0.15,7,1
"90","British","Boeing",10.41,"Aug","International",243,36,31,38,18,19,1651,3509,1.13,279,0.13,7,1
"91","British","Boeing",10.41,"Oct","International",243,36,31,38,18,19,1651,3509,1.13,279,0.13,7,1
"92","British","Boeing",10.41,"Sep","International",243,36,31,38,18,19,2775,3509,0.26,279,0.13,7,1
"93","British","Boeing",11,"Aug","International",243,36,31,38,18,19,2230,3227,0.45,279,0.13,7,1
"94","British","Boeing",11,"Sep","International",243,36,31,38,18,19,2230,3227,0.45,279,0.13,7,1
"95","British","Boeing",11,"Oct","International",243,36,31,38,18,19,2230,3227,0.45,279,0.13,7,1
"96","British","Boeing",9.91,"Jul","International",243,36,31,38,18,19,2356,3200,0.36,279,0.13,7,1
"97","British","Boeing",9.91,"Aug","International",243,36,31,38,18,19,2356,3200,0.36,279,0.13,7,1
"98","British","Boeing",9.91,"Sep","International",243,36,31,38,18,19,2356,3200,0.36,279,0.13,7,1
"99","British","Boeing",9.91,"Oct","International",243,36,31,38,18,19,2356,3200,0.36,279,0.13,7,1
"100","British","Boeing",8.58,"Aug","International",243,36,31,38,18,19,1562,3099,0.98,279,0.13,7,1
"101","British","Boeing",8.58,"Sep","International",243,36,31,38,18,19,1562,3099,0.98,279,0.13,7,1
"102","British","Boeing",8.58,"Oct","International",243,36,31,38,18,19,1562,3099,0.98,279,0.13,7,1
"103","British","Boeing",11.41,"Jul","International",243,36,31,38,18,19,2281,3025,0.33,279,0.13,7,1
"104","British","Boeing",11.41,"Aug","International",243,36,31,38,18,19,2281,3025,0.33,279,0.13,7,1
"105","British","Boeing",11.41,"Sep","International",243,36,31,38,18,19,2281,3025,0.33,279,0.13,7,1
"106","British","Boeing",11.41,"Oct","International",243,36,31,38,18,19,2281,3025,0.33,279,0.13,7,1
"107","British","Boeing",8.16,"Aug","International",122,40,31,38,18,19,1793,2999,0.67,162,0.25,7,1
"108","British","Boeing",8.16,"Sep","International",122,40,31,38,18,19,1793,2999,0.67,162,0.25,7,1
"109","British","Boeing",8.16,"Oct","International",122,40,31,38,18,19,1793,2999,0.67,162,0.25,7,1
"110","British","Boeing",6.5,"Aug","International",122,40,31,38,18,19,1476,2997,1.03,162,0.25,7,1
"111","British","Boeing",6.5,"Sep","International",122,40,31,38,18,19,1476,2997,1.03,162,0.25,7,1
"112","British","Boeing",6.5,"Oct","International",127,39,31,38,18,19,1476,2997,1.03,166,0.23,7,1
"113","British","Boeing",11.5,"Sep","International",122,40,31,38,18,19,1705,2989,0.75,162,0.25,7,1
"114","British","Boeing",11.5,"Oct","International",122,40,31,38,18,19,1705,2989,0.75,162,0.25,7,1
"115","British","Boeing",11.5,"Aug","International",122,40,31,38,18,19,1911,2989,0.56,162,0.25,7,1
"116","British","Boeing",11.5,"Jul","International",122,40,31,38,18,19,2378,2989,0.26,162,0.25,7,1
"117","British","Boeing",6.83,"Jul","International",243,56,31,38,18,19,1444,2982,1.07,299,0.19,7,1
"118","British","Boeing",6.83,"Aug","International",243,56,31,38,18,19,1444,2982,1.07,299,0.19,7,1
"119","British","Boeing",6.83,"Sep","International",243,56,31,38,18,19,1444,2982,1.07,299,0.19,7,1
"120","British","Boeing",6.83,"Oct","International",243,56,31,38,18,19,1444,2982,1.07,299,0.19,7,1
"121","British","Boeing",11.08,"Aug","International",127,39,31,38,18,19,2156,2933,0.36,166,0.23,7,1
"122","British","Boeing",11.08,"Sep","International",127,39,31,38,18,19,2156,2933,0.36,166,0.23,7,1
"123","British","Boeing",11.08,"Oct","International",127,39,31,38,18,19,2156,2933,0.36,166,0.23,7,1
"124","British","Boeing",11.58,"Aug","International",122,40,31,38,18,19,1750,2656,0.52,162,0.25,7,1
"125","British","Boeing",11.58,"Sep","International",122,40,31,38,18,19,1750,2656,0.52,162,0.25,7,1
"126","British","Boeing",11.58,"Oct","International",122,40,31,38,18,19,1750,2656,0.52,162,0.25,7,1
"127","British","AirBus",13.08,"Aug","International",303,55,31,38,18,19,1758,2592,0.47,358,0.15,7,1
"128","British","AirBus",13.08,"Sep","International",303,55,31,38,18,19,1758,2592,0.47,358,0.15,7,1
"129","British","AirBus",13.08,"Oct","International",303,55,31,38,18,19,1758,2592,0.47,358,0.15,7,1
"130","British","Boeing",7.58,"Aug","International",243,56,31,38,18,19,1824,2549,0.4,299,0.19,7,1
"131","British","Boeing",7.58,"Sep","International",243,56,31,38,18,19,1824,2549,0.4,299,0.19,7,1
"132","British","Boeing",7.58,"Oct","International",243,56,31,38,18,19,1824,2549,0.4,299,0.19,7,1
"133","British","Boeing",7.58,"Jul","International",243,56,31,38,18,19,1823,2548,0.4,299,0.19,7,1
"134","British","Boeing",9.16,"Aug","International",122,40,31,38,18,19,1813,2504,0.38,162,0.25,7,1
"135","British","Boeing",9.16,"Sep","International",122,40,31,38,18,19,1813,2504,0.38,162,0.25,7,1
"136","British","Boeing",9.16,"Oct","International",122,40,31,38,18,19,1813,2504,0.38,162,0.25,7,1
"137","British","Boeing",9.33,"Aug","International",243,36,31,38,18,19,1813,2472,0.36,279,0.13,7,1
"138","British","Boeing",9.33,"Sep","International",243,36,31,38,18,19,1813,2472,0.36,279,0.13,7,1
"139","British","Boeing",9.33,"Oct","International",243,36,31,38,18,19,1813,2472,0.36,279,0.13,7,1
"140","British","Boeing",13.33,"Aug","International",203,24,31,38,18,19,2166,2470,0.14,227,0.11,7,1
"141","British","Boeing",13.33,"Sep","International",203,24,31,38,18,19,2166,2470,0.14,227,0.11,7,1
"142","British","Boeing",13.33,"Oct","International",203,24,31,38,18,19,2166,2470,0.14,227,0.11,7,1
"143","British","Boeing",8.91,"Sep","International",243,36,31,38,18,19,1140,2423,1.13,279,0.13,7,1
"144","British","Boeing",8.66,"Aug","International",243,36,31,38,18,19,1609,2292,0.42,279,0.13,7,1
"145","British","Boeing",8.66,"Sep","International",243,36,31,38,18,19,1609,2292,0.42,279,0.13,7,1
"146","British","Boeing",8.66,"Oct","International",243,36,31,38,18,19,1609,2292,0.42,279,0.13,7,1
"147","British","Boeing",7.25,"Aug","International",243,36,31,38,18,19,1632,2278,0.4,279,0.13,7,1
"148","British","Boeing",7.25,"Sep","International",243,36,31,38,18,19,1632,2278,0.4,279,0.13,7,1
"149","British","Boeing",7.25,"Oct","International",243,36,31,38,18,19,1632,2278,0.4,279,0.13,7,1
"150","British","Boeing",6.08,"Aug","International",127,39,31,38,18,19,1634,2195,0.34,166,0.23,7,1
"151","British","Boeing",6.08,"Sep","International",127,39,31,38,18,19,1634,2195,0.34,166,0.23,7,1
"152","British","Boeing",6.08,"Oct","International",127,39,31,38,18,19,1634,2195,0.34,166,0.23,7,1
"153","British","Boeing",6.75,"Aug","International",122,40,31,38,18,19,1634,2195,0.34,162,0.25,7,1
"154","British","Boeing",6.75,"Sep","International",122,40,31,38,18,19,1634,2195,0.34,162,0.25,7,1
"155","British","Boeing",6.75,"Oct","International",122,40,31,38,18,19,1634,2195,0.34,162,0.25,7,1
"156","British","Boeing",6.66,"Aug","International",122,40,31,38,18,19,1651,2191,0.33,162,0.25,7,1
"157","British","Boeing",6.66,"Sep","International",122,40,31,38,18,19,1651,2191,0.33,162,0.25,7,1
"158","British","Boeing",6.66,"Oct","International",122,40,31,38,18,19,1651,2191,0.33,162,0.25,7,1
"159","British","Boeing",8.75,"Aug","International",122,40,31,38,18,19,1542,2084,0.35,162,0.25,7,1
"160","British","Boeing",8.75,"Sep","International",122,40,31,38,18,19,1566,2084,0.33,162,0.25,7,1
"161","British","Boeing",8.75,"Oct","International",122,40,31,38,18,19,1566,2084,0.33,162,0.25,7,1
"162","British","Boeing",8.91,"Aug","International",243,36,31,38,18,19,1140,2049,0.8,279,0.13,7,1
"163","British","Boeing",7.08,"Aug","International",243,36,31,38,18,19,1736,1866,0.07,279,0.13,7,1
"164","British","Boeing",7.08,"Sep","International",243,36,31,38,18,19,1736,1866,0.07,279,0.13,7,1
"165","British","Boeing",7.08,"Oct","International",243,36,31,38,18,19,1736,1866,0.07,279,0.13,7,1
"166","British","Boeing",4.91,"Aug","International",122,40,31,38,18,19,1356,1820,0.34,162,0.25,7,1
"167","British","Boeing",4.91,"Sep","International",122,40,31,38,18,19,1356,1820,0.34,162,0.25,7,1
"168","British","Boeing",4.91,"Oct","International",122,40,31,38,18,19,1356,1820,0.34,162,0.25,7,1
"169","British","Boeing",11.41,"Aug","International",243,36,31,38,18,19,846,1784,1.11,279,0.13,7,1
"170","British","Boeing",11.41,"Oct","International",243,36,31,38,18,19,846,1784,1.11,279,0.13,7,1
"171","British","Boeing",11.41,"Jul","International",243,36,31,38,18,19,937,1784,0.91,279,0.13,7,1
"172","British","Boeing",11.41,"Sep","International",243,36,31,38,18,19,1485,1784,0.2,279,0.13,7,1
"173","British","Boeing",3.83,"Jul","International",122,40,31,38,18,19,1242,1764,0.42,162,0.25,7,1
"174","British","Boeing",3.83,"Aug","International",122,40,31,38,18,19,1242,1764,0.42,162,0.25,7,1
"175","British","Boeing",3.83,"Sep","International",122,40,31,38,18,19,1242,1764,0.42,162,0.25,7,1
"176","British","Boeing",3.83,"Oct","International",122,40,31,38,18,19,1242,1764,0.42,162,0.25,7,1
"177","British","AirBus",11.16,"Sep","International",303,55,31,38,18,19,719,1634,1.27,358,0.15,7,1
"178","British","AirBus",11.16,"Oct","International",303,55,31,38,18,19,719,1634,1.27,358,0.15,7,1
"179","British","AirBus",11.16,"Aug","International",303,55,31,38,18,19,1198,1634,0.36,358,0.15,7,1
"180","British","Boeing",8.91,"Oct","International",243,36,31,38,18,19,891,1603,0.8,279,0.13,7,1
"181","British","Boeing",11.08,"Jul","International",243,36,31,38,18,19,1323,1550,0.17,279,0.13,7,1
"182","British","Boeing",13.5,"Aug","International",122,40,31,38,18,19,940,1548,0.65,162,0.25,7,1
"183","British","Boeing",13.5,"Sep","International",122,40,31,38,18,19,940,1548,0.65,162,0.25,7,1
"184","British","Boeing",13.5,"Oct","International",122,40,31,38,18,19,940,1548,0.65,162,0.25,7,1
"185","British","Boeing",3.83,"Jul","International",122,40,31,38,18,19,1224,1512,0.24,162,0.25,7,1
"186","British","Boeing",3.83,"Aug","International",122,40,31,38,18,19,1224,1512,0.24,162,0.25,7,1
"187","British","Boeing",3.83,"Sep","International",122,40,31,38,18,19,1224,1512,0.24,162,0.25,7,1
"188","British","Boeing",3.83,"Oct","International",122,40,31,38,18,19,1224,1512,0.24,162,0.25,7,1
"189","British","Boeing",5.41,"Aug","International",122,40,31,38,18,19,1127,1317,0.17,162,0.25,7,1
"190","British","Boeing",5.41,"Sep","International",122,40,31,38,18,19,1127,1317,0.17,162,0.25,7,1
"191","British","Boeing",5.41,"Oct","International",122,40,31,38,18,19,1127,1317,0.17,162,0.25,7,1
"192","British","Boeing",12.5,"Aug","International",127,39,31,38,18,19,1038,1259,0.21,166,0.23,7,1
"193","British","Boeing",12.05,"Sep","International",127,39,31,38,18,19,1038,1259,0.21,166,0.23,7,1
"194","British","Boeing",8.25,"Aug","International",122,40,31,38,18,19,1123,1213,0.08,162,0.25,7,1
"195","British","Boeing",8.25,"Sep","International",122,40,31,38,18,19,1123,1213,0.08,162,0.25,7,1
"196","British","Boeing",8.25,"Oct","International",122,40,31,38,18,19,1123,1213,0.08,162,0.25,7,1
"197","British","Boeing",11.08,"Aug","International",243,36,31,38,18,19,1023,1199,0.17,279,0.13,7,1
"198","British","Boeing",11.08,"Sep","International",243,36,31,38,18,19,1023,1199,0.17,279,0.13,7,1
"199","British","Boeing",8.91,"Aug","International",203,24,31,38,18,19,649,1152,0.77,227,0.11,7,1
"200","British","Boeing",7.08,"Sep","International",243,36,31,38,18,19,757,912,0.21,279,0.13,7,1
"201","British","Boeing",8.91,"Sep","International",203,24,31,38,18,19,575,853,0.48,227,0.11,7,1
"202","British","Boeing",8.91,"Oct","International",203,24,31,38,18,19,575,853,0.48,227,0.11,7,1
"203","British","Boeing",11.08,"Oct","International",243,36,31,38,18,19,533,837,0.57,279,0.13,7,1
"204","British","Boeing",9.58,"Aug","International",203,24,31,38,18,19,797,826,0.04,227,0.11,7,1
"205","British","Boeing",12.5,"Oct","International",127,39,31,38,18,19,509,818,0.61,166,0.23,7,1
"206","British","Boeing",9.58,"Oct","International",203,24,31,38,18,19,524,797,0.52,227,0.11,7,1
"207","British","Boeing",9.58,"Sep","International",203,24,31,38,18,19,582,797,0.37,227,0.11,7,1
"208","British","Boeing",12.75,"Aug","International",122,40,31,38,18,19,509,773,0.52,162,0.25,7,1
"209","British","Boeing",12.75,"Sep","International",122,40,31,38,18,19,509,773,0.52,162,0.25,7,1
"210","British","Boeing",12.75,"Oct","International",122,40,31,38,18,19,509,773,0.52,162,0.25,7,1
"211","British","AirBus",4.08,"Sep","International",303,55,31,38,18,19,457,486,0.06,358,0.15,7,1
"212","British","AirBus",3.58,"Aug","International",303,55,31,38,18,19,402,442,0.1,358,0.15,7,1
"213","British","AirBus",3.58,"Sep","International",303,55,31,38,18,19,402,442,0.1,358,0.15,7,1
"214","British","AirBus",2.41,"Jul","International",303,55,31,38,18,19,392,407,0.04,358,0.15,7,1
"215","British","AirBus",3.25,"Aug","International",303,55,31,38,18,19,356,396,0.11,358,0.15,7,1
"216","British","AirBus",3.25,"Sep","International",303,55,31,38,18,19,356,396,0.11,358,0.15,7,1
"217","British","AirBus",3.58,"Aug","International",303,55,31,38,18,19,322,348,0.08,358,0.15,7,1
"218","British","AirBus",2.66,"Oct","International",303,55,31,38,18,19,297,323,0.09,358,0.15,7,1
"219","British","AirBus",2.41,"Aug","International",303,55,31,38,18,19,303,319,0.05,358,0.15,7,1
"220","British","AirBus",2.41,"Sep","International",303,55,31,38,18,19,303,319,0.05,358,0.15,7,1
"221","British","AirBus",2.41,"Aug","International",303,55,31,38,18,19,276,306,0.11,358,0.15,7,1
"222","British","AirBus",3.25,"Oct","International",303,55,31,38,18,19,249,285,0.14,358,0.15,7,1
"223","British","AirBus",1.83,"Jul","International",303,55,31,38,18,19,238,278,0.17,358,0.15,7,1
"224","British","AirBus",3.58,"Oct","International",303,55,31,38,18,19,238,276,0.16,358,0.15,7,1
"225","British","AirBus",4.5,"Aug","International",303,55,31,38,18,19,228,263,0.15,358,0.15,7,1
"226","British","AirBus",2.41,"Oct","International",303,55,31,38,18,19,231,247,0.07,358,0.15,7,1
"227","British","AirBus",4.5,"Oct","International",303,55,31,38,18,19,203,238,0.17,358,0.15,7,1
"228","British","AirBus",1.83,"Aug","International",303,55,31,38,18,19,201,237,0.18,358,0.15,7,1
"229","British","AirBus",2.41,"Jul","International",303,55,31,38,18,19,207,237,0.14,358,0.15,7,1
"230","British","AirBus",3.58,"Sep","International",303,55,31,38,18,19,207,234,0.13,358,0.15,7,1
"231","British","AirBus",4.08,"Aug","International",303,55,31,38,18,19,182,211,0.16,358,0.15,7,1
"232","British","AirBus",2.83,"Sep","International",303,55,31,38,18,19,171,201,0.18,358,0.15,7,1
"233","British","AirBus",4.5,"Sep","International",303,55,31,38,18,19,168,198,0.18,358,0.15,7,1
"234","British","AirBus",1.25,"Jul","International",303,55,31,38,18,19,140,175,0.25,358,0.15,7,1
"235","British","AirBus",4.08,"Oct","International",303,55,31,38,18,19,147,175,0.2,358,0.15,7,1
"236","British","Boeing",1.25,"Aug","International",303,55,31,38,18,19,137,172,0.26,358,0.15,7,1
"237","British","AirBus",2.41,"Sep","International",303,55,31,38,18,19,138,165,0.19,358,0.15,7,1
"238","British","AirBus",1.83,"Sep","International",303,55,31,38,18,19,126,156,0.23,358,0.15,7,1
"239","British","AirBus",1.83,"Oct","International",303,55,31,38,18,19,126,156,0.23,358,0.15,7,1
"240","British","AirBus",1.25,"Aug","International",303,55,31,38,18,19,109,141,0.3,358,0.15,7,1
"241","British","AirBus",1.25,"Sep","International",303,55,31,38,18,19,109,141,0.3,358,0.15,7,1
"242","British","Boeing",1.25,"Sep","International",303,55,31,38,18,19,109,141,0.3,358,0.15,7,1
"243","British","AirBus",3.58,"Oct","International",303,55,31,38,18,19,104,131,0.25,358,0.15,7,1
"244","British","AirBus",2.83,"Oct","International",303,55,31,38,18,19,97,125,0.29,358,0.15,7,1
"245","British","Boeing",1.33,"Aug","International",303,55,31,38,18,19,77,99,0.29,358,0.15,7,1
"246","British","Boeing",1.33,"Sep","International",303,55,31,38,18,19,77,99,0.29,358,0.15,7,1
"247","British","Boeing",1.25,"Oct","International",303,55,31,38,18,19,69,97,0.4,358,0.15,7,1
"248","British","AirBus",2.41,"Oct","International",312,55,31,38,18,19,74,97,0.31,367,0.15,7,1
"249","British","Boeing",1.33,"Oct","International",303,55,31,38,18,19,65,86,0.33,358,0.15,7,1
"250","Delta","AirBus",8.33,"Aug","International",233,38,31,38,18,21,1778,2588,0.46,271,0.14,7,3
"251","Delta","AirBus",8.33,"Oct","International",233,38,31,38,18,21,1778,2588,0.46,271,0.14,7,3
"252","Delta","AirBus",9.5,"Aug","International",233,38,31,38,18,21,1999,2765,0.38,271,0.14,7,3
"253","Delta","AirBus",9.5,"Sep","International",233,38,31,38,18,21,1999,2765,0.38,271,0.14,7,3
"254","Delta","AirBus",9.5,"Oct","International",233,38,31,38,18,21,1999,2765,0.38,271,0.14,7,3
"255","Delta","AirBus",8.33,"Sep","International",233,38,31,38,18,21,1985,2588,0.3,271,0.14,7,3
"256","Delta","Boeing",4.28,"Sep","Domestic",126,18,32,34,17,17,288,327,0.14,144,0.13,2,0
"257","Delta","Boeing",4.25,"Oct","Domestic",126,18,32,34,17,17,288,327,0.14,144,0.13,2,0
"258","Delta","Boeing",4.33,"Aug","Domestic",171,29,32,35,18,18,298,337,0.13,200,0.15,3,0
"259","Delta","Boeing",4.63,"Aug","Domestic",126,18,32,34,17,17,363,407,0.12,144,0.13,2,0
"260","Delta","Boeing",4.65,"Sep","Domestic",126,18,32,34,17,17,363,407,0.12,144,0.13,2,0
"261","Delta","Boeing",4.66,"Oct","Domestic",126,18,32,34,17,17,363,407,0.12,144,0.13,2,0
"262","Delta","Boeing",4.7,"Jul","Domestic",139,21,31,34,17,17,413,457,0.11,160,0.13,3,0
"263","Delta","Boeing",4.7,"Sep","Domestic",139,21,31,34,17,17,413,457,0.11,160,0.13,3,0
"264","Delta","Boeing",4.7,"Oct","Domestic",139,21,31,34,17,17,413,457,0.11,160,0.13,3,0
"265","Delta","Boeing",4.36,"Sep","Domestic",126,18,32,34,17,17,413,457,0.11,144,0.13,2,0
"266","Delta","Boeing",4.25,"Oct","Domestic",126,18,32,34,17,17,413,457,0.11,144,0.13,2,0
"267","Delta","Boeing",4.43,"Oct","Domestic",126,18,32,34,17,17,340,379,0.11,144,0.13,2,0
"268","Delta","Boeing",4.7,"Aug","Domestic",139,21,31,34,17,17,423,467,0.1,160,0.13,3,0
"269","Delta","Boeing",4.51,"Aug","Domestic",171,29,32,35,18,18,423,467,0.1,200,0.15,3,0
"270","Delta","Boeing",4.26,"Aug","Domestic",126,18,32,34,17,17,328,362,0.1,144,0.13,2,0
"271","Delta","Boeing",4.4,"Sep","Domestic",126,18,32,34,17,17,328,362,0.1,144,0.13,2,0
"272","Delta","Boeing",4.33,"Jul","Domestic",171,29,32,35,18,18,483,527,0.09,200,0.15,3,0
"273","Delta","Boeing",4.26,"Jul","Domestic",132,26,32,34,17,17,458,497,0.09,158,0.16,2,0
"274","Delta","Boeing",1.91,"Oct","Domestic",136,20,33,35,17,17,166,181,0.09,156,0.13,2,0
"275","Delta","AirBus",1.95,"Sep","Domestic",120,18,32,34,17,17,166,181,0.09,138,0.13,2,0
"276","Delta","Boeing",2.06,"Aug","Domestic",78,20,31,34,18,18,158,173,0.09,98,0.2,3,0
"277","Delta","AirBus",2.26,"Sep","Domestic",120,18,32,34,17,17,329,354,0.08,138,0.13,2,0
"278","Delta","AirBus",2.55,"Oct","Domestic",136,20,33,35,17,17,243,262,0.08,156,0.13,2,0
"279","Delta","Boeing",2.55,"Aug","Domestic",136,20,33,35,17,17,243,262,0.08,156,0.13,2,0
"280","Delta","Boeing",2.33,"Sep","Domestic",78,20,31,34,18,18,189,204,0.08,98,0.2,3,0
"281","Delta","Boeing",4.63,"Jul","Domestic",126,18,32,34,17,17,626,670,0.07,144,0.13,2,0
"282","Delta","Boeing",2.86,"Aug","Domestic",136,20,33,35,17,17,354,378,0.07,156,0.13,2,0
"283","Delta","Boeing",2.06,"Jul","Domestic",78,20,31,34,18,18,228,243,0.07,98,0.2,3,0
"284","Delta","Boeing",2.01,"Oct","Domestic",78,20,31,34,18,18,222,237,0.07,98,0.2,3,0
"285","Delta","Boeing",2.33,"Oct","Domestic",78,20,31,34,18,18,216,231,0.07,98,0.2,3,0
"286","Delta","Boeing",4.51,"Jul","Domestic",171,29,32,35,18,18,713,757,0.06,200,0.15,3,0
"287","Delta","AirBus",1.81,"Sep","Domestic",120,18,32,34,17,17,293,308,0.05,138,0.13,2,0
"288","Delta","AirBus",1.83,"Oct","Domestic",120,18,32,34,17,17,293,308,0.05,138,0.13,2,0
"289","Delta","Boeing",1.57,"Aug","Domestic",126,18,32,34,17,17,293,308,0.05,144,0.13,2,0
"290","Delta","Boeing",2.5,"Jul","Domestic",136,20,33,35,17,17,636,660,0.04,156,0.13,2,0
"291","Delta","AirBus",1.8,"Oct","Domestic",120,18,32,34,17,17,416,431,0.04,138,0.13,2,0
"292","Delta","Boeing",1.75,"Jul","Domestic",78,20,31,34,18,18,391,406,0.04,98,0.2,3,0
"293","Delta","Boeing",1.57,"Jul","Domestic",126,18,32,34,17,17,349,364,0.04,144,0.13,2,0
"294","Delta","Boeing",2.3,"Aug","Domestic",78,20,31,34,18,18,349,364,0.04,98,0.2,3,0
"295","Delta","Boeing",2.3,"Jul","Domestic",78,20,31,34,18,18,581,596,0.03,98,0.2,3,0
"296","Jet","Boeing",3.25,"Aug","International",124,16,30,40,17,21,167,483,1.89,140,0.11,10,4
"297","Jet","Boeing",3.25,"Sep","International",124,16,30,40,17,21,167,483,1.89,140,0.11,10,4
"298","Jet","Boeing",3.25,"Oct","International",124,16,30,40,17,21,167,483,1.89,140,0.11,10,4
"299","Jet","Boeing",3.25,"Jul","International",124,16,30,40,17,21,139,398,1.87,140,0.11,10,4
"300","Jet","Boeing",5.66,"Aug","International",162,8,30,40,17,21,201,545,1.71,170,0.05,10,4
"301","Jet","Boeing",3.16,"Jul","International",162,8,30,40,17,21,148,397,1.68,170,0.05,10,4
"302","Jet","Boeing",3.16,"Oct","International",162,8,30,40,17,21,148,397,1.68,170,0.05,10,4
"303","Jet","Boeing",3.25,"Oct","International",124,16,30,40,17,21,149,398,1.67,140,0.11,10,4
"304","Jet","Boeing",4.16,"Jul","International",124,16,30,40,17,21,197,520,1.64,140,0.11,10,4
"305","Jet","Boeing",4.16,"Oct","International",124,16,30,40,17,21,211,534,1.53,140,0.11,10,4
"306","Jet","AirBus",9.5,"Oct","International",147,21,32,38,18,19,336,841,1.5,168,0.13,6,1
"307","Jet","Boeing",5.66,"Jul","International",162,8,30,40,17,21,187,430,1.3,170,0.05,10,4
"308","Jet","Boeing",5.66,"Aug","International",162,8,30,40,17,21,187,430,1.3,170,0.05,10,4
"309","Jet","Boeing",5.66,"Sep","International",162,8,30,40,17,21,187,430,1.3,170,0.05,10,4
"310","Jet","Boeing",5.66,"Oct","International",162,8,30,40,17,21,187,430,1.3,170,0.05,10,4
"311","Jet","Boeing",4.08,"Aug","International",124,16,30,40,17,21,139,318,1.29,140,0.11,10,4
"312","Jet","Boeing",4.25,"Aug","International",17,21,30,40,17,21,156,354,1.27,38,0.55,10,4
"313","Jet","Boeing",4.25,"Sep","International",17,21,30,40,17,21,156,354,1.27,38,0.55,10,4
"314","Jet","Boeing",4.25,"Oct","International",17,21,30,40,17,21,156,354,1.27,38,0.55,10,4
"315","Jet","Boeing",2.5,"Jul","International",124,16,30,40,17,21,118,267,1.26,140,0.11,10,4
"316","Jet","Boeing",2.5,"Sep","International",124,16,30,40,17,21,118,267,1.26,140,0.11,10,4
"317","Jet","Boeing",2.5,"Oct","International",124,16,30,40,17,21,118,267,1.26,140,0.11,10,4
"318","Jet","Boeing",5.66,"Jul","International",162,8,30,40,17,21,245,545,1.22,170,0.05,10,4
"319","Jet","Boeing",2.66,"Jul","International",124,16,30,40,17,21,108,228,1.11,140,0.11,10,4
"320","Jet","Boeing",2.66,"Sep","International",124,16,30,40,17,21,108,228,1.11,140,0.11,10,4
"321","Jet","Boeing",2.66,"Oct","International",124,16,30,40,17,21,108,228,1.11,140,0.11,10,4
"322","Jet","Boeing",4.16,"Aug","International",124,16,30,40,17,21,297,620,1.09,140,0.11,10,4
"323","Jet","Boeing",3.16,"Aug","International",162,8,30,40,17,21,234,483,1.07,170,0.05,10,4
"324","Jet","Boeing",3.25,"Aug","International",124,16,30,40,17,21,234,483,1.06,140,0.11,10,4
"325","Jet","Boeing",4.08,"Sep","International",124,16,30,40,17,21,156,318,1.04,140,0.11,10,4
"326","Jet","Boeing",4.16,"Oct","International",124,16,30,40,17,21,156,318,1.04,140,0.11,10,4
"327","Jet","AirBus",9.5,"Aug","International",147,21,32,38,18,19,429,841,0.96,168,0.13,6,1
"328","Jet","Boeing",4.16,"Sep","International",124,16,30,40,17,21,324,620,0.91,140,0.11,10,4
"329","Jet","AirBus",9.5,"Jul","International",147,21,32,38,18,19,462,841,0.82,168,0.13,6,1
"330","Jet","Boeing",2.5,"Aug","International",124,16,30,40,17,21,147,267,0.81,140,0.11,10,4
"331","Jet","Boeing",2.66,"Aug","International",124,16,30,40,17,21,127,228,0.79,140,0.11,10,4
"332","Jet","Boeing",2.58,"Aug","International",162,8,30,40,17,21,172,304,0.77,170,0.05,10,4
"333","Jet","Boeing",2.58,"Sep","International",162,8,30,40,17,21,172,304,0.77,170,0.05,10,4
"334","Jet","Boeing",2.58,"Oct","International",162,8,30,40,17,21,172,304,0.77,170,0.05,10,4
"335","Jet","Boeing",4.33,"Jul","International",124,16,30,40,17,21,154,267,0.74,140,0.11,10,4
"336","Jet","Boeing",4.33,"Aug","International",124,16,30,40,17,21,154,267,0.74,140,0.11,10,4
"337","Jet","Boeing",4.33,"Sep","International",124,16,30,40,17,21,154,267,0.74,140,0.11,10,4
"338","Jet","Boeing",4.33,"Oct","International",124,16,30,40,17,21,154,267,0.74,140,0.11,10,4
"339","Jet","Boeing",3.16,"Sep","International",162,8,30,40,17,21,293,483,0.65,170,0.05,10,4
"340","Jet","Boeing",4.25,"Jul","International",17,21,30,40,17,21,215,354,0.65,38,0.55,10,4
"341","Jet","Boeing",2.58,"Jul","International",162,8,30,40,17,21,281,451,0.6,170,0.05,10,4
"342","Jet","Boeing",2.58,"Oct","International",162,8,30,40,17,21,295,464,0.58,170,0.05,10,4
"343","Jet","Boeing",3.25,"Sep","International",124,16,30,40,17,21,322,483,0.5,140,0.11,10,4
"344","Jet","Boeing",3.08,"Jul","International",138,28,30,40,17,21,354,524,0.48,166,0.17,10,4
"345","Jet","Boeing",3.08,"Aug","International",138,28,30,40,17,21,354,524,0.48,166,0.17,10,4
"346","Jet","Boeing",3.08,"Sep","International",138,28,30,40,17,21,354,524,0.48,166,0.17,10,4
"347","Jet","Boeing",3.08,"Oct","International",138,28,30,40,17,21,354,524,0.48,166,0.17,10,4
"348","Jet","Boeing",2.58,"Aug","International",162,8,30,40,17,21,380,550,0.45,170,0.05,10,4
"349","Jet","Boeing",2.58,"Sep","International",162,8,30,40,17,21,380,550,0.45,170,0.05,10,4
"350","Jet","AirBus",8.91,"Sep","International",147,21,32,38,18,19,557,789,0.42,168,0.13,6,1
"351","Jet","AirBus",8.91,"Oct","International",147,21,32,38,18,19,557,789,0.42,168,0.13,6,1
"352","Jet","AirBus",9.5,"Sep","International",147,21,32,38,18,19,661,928,0.4,168,0.13,6,1
"353","Jet","AirBus",8.91,"Aug","International",147,21,32,38,18,19,676,931,0.38,168,0.13,6,1
"354","Jet","Boeing",3.25,"Jul","International",162,8,30,40,17,21,505,696,0.38,170,0.05,10,4
"355","Jet","Boeing",3.08,"Aug","International",138,28,30,40,17,21,464,616,0.33,166,0.17,10,4
"356","Jet","Boeing",3.08,"Sep","International",138,28,30,40,17,21,464,616,0.33,166,0.17,10,4
"357","Jet","Boeing",3.08,"Oct","International",138,28,30,40,17,21,464,616,0.33,166,0.17,10,4
"358","Jet","Boeing",3.08,"Jul","International",138,28,30,40,17,21,489,616,0.26,166,0.17,10,4
"359","Jet","Boeing",3.25,"Jul","International",124,16,30,40,17,21,594,696,0.17,140,0.11,10,4
"360","Jet","Boeing",2.58,"Jul","International",162,8,30,40,17,21,510,569,0.12,170,0.05,10,4
"361","Singapore","Boeing",13.91,"Aug","International",184,28,32,38,19,20,794,1671,1.11,212,0.13,6,1
"362","Singapore","AirBus",13.33,"Jul","International",333,36,32,38,19,20,505,1004,0.99,369,0.1,6,1
"363","Singapore","AirBus",13.33,"Aug","International",333,36,32,38,19,20,505,1004,0.99,369,0.1,6,1
"364","Singapore","AirBus",13.33,"Sep","International",333,36,32,38,19,20,505,1004,0.99,369,0.1,6,1
"365","Singapore","AirBus",13.33,"Oct","International",333,36,32,38,19,20,505,1004,0.99,369,0.1,6,1
"366","Singapore","AirBus",6.16,"Jul","International",333,36,32,38,19,20,505,1004,0.99,369,0.1,6,1
"367","Singapore","AirBus",6.16,"Aug","International",333,36,32,38,19,20,505,1004,0.99,369,0.1,6,1
"368","Singapore","AirBus",6.16,"Sep","International",333,36,32,38,19,20,505,1004,0.99,369,0.1,6,1
"369","Singapore","AirBus",6.16,"Oct","International",333,36,32,38,19,20,505,1004,0.99,369,0.1,6,1
"370","Singapore","Boeing",13.91,"Sep","International",184,28,32,38,19,20,794,1452,0.83,212,0.13,6,1
"371","Singapore","Boeing",13.91,"Oct","International",184,28,32,38,19,20,794,1452,0.83,212,0.13,6,1
"372","Singapore","Boeing",13.91,"Jul","International",184,28,32,38,19,20,794,1408,0.77,212,0.13,6,1
"373","Singapore","AirBus",12.66,"Jul","International",333,36,32,38,19,20,690,1110,0.61,369,0.1,6,1
"374","Singapore","AirBus",12.66,"Aug","International",333,36,32,38,19,20,690,1110,0.61,369,0.1,6,1
"375","Singapore","AirBus",12.66,"Sep","International",333,36,32,38,19,20,690,1110,0.61,369,0.1,6,1
"376","Singapore","AirBus",12.66,"Oct","International",333,36,32,38,19,20,690,1110,0.61,369,0.1,6,1
"377","Singapore","AirBus",6.5,"Jul","International",333,36,32,38,19,20,690,1110,0.61,369,0.1,6,1
"378","Singapore","AirBus",6.5,"Aug","International",333,36,32,38,19,20,690,1110,0.61,369,0.1,6,1
"379","Singapore","AirBus",6.5,"Sep","International",333,36,32,38,19,20,690,1110,0.61,369,0.1,6,1
"380","Singapore","AirBus",6.5,"Oct","International",333,36,32,38,19,20,690,1110,0.61,369,0.1,6,1
"381","Singapore","Boeing",12.41,"Aug","International",184,28,32,38,19,20,1215,1947,0.6,212,0.13,6,1
"382","Singapore","Boeing",12.41,"Sep","International",184,28,32,38,19,20,1215,1947,0.6,212,0.13,6,1
"383","Singapore","Boeing",12.41,"Oct","International",184,28,32,38,19,20,1215,1947,0.6,212,0.13,6,1
"384","Singapore","Boeing",10.83,"Jul","International",184,28,32,38,19,20,876,1356,0.55,212,0.13,6,1
"385","Singapore","Boeing",10.83,"Aug","International",184,28,32,38,19,20,609,900,0.48,212,0.13,6,1
"386","Singapore","Boeing",10.83,"Sep","International",184,28,32,38,19,20,609,900,0.48,212,0.13,6,1
"387","Singapore","Boeing",14.66,"Aug","International",184,28,32,38,19,20,1406,1584,0.13,212,0.13,6,1
"388","Singapore","Boeing",14.66,"Sep","International",184,28,32,38,19,20,1406,1584,0.13,212,0.13,6,1
"389","Singapore","Boeing",14.66,"Oct","International",184,28,32,38,19,20,1406,1584,0.13,212,0.13,6,1
"390","Singapore","Boeing",9.66,"Aug","International",184,28,32,38,19,20,1247,1407,0.13,212,0.13,6,1
"391","Singapore","Boeing",9.66,"Sep","International",184,28,32,38,19,20,1247,1407,0.13,212,0.13,6,1
"392","Singapore","Boeing",9.66,"Oct","International",184,28,32,38,19,20,1247,1407,0.13,212,0.13,6,1
"393","Singapore","Boeing",3.83,"Jul","International",184,28,32,38,19,20,563,619,0.1,212,0.13,6,1
"394","Singapore","Boeing",3.83,"Aug","International",184,28,32,38,19,20,563,619,0.1,212,0.13,6,1
"395","Singapore","Boeing",3.83,"Sep","International",184,28,32,38,19,20,563,619,0.1,212,0.13,6,1
"396","Singapore","Boeing",3.83,"Oct","International",184,28,32,38,19,20,563,619,0.1,212,0.13,6,1
"397","Singapore","Boeing",12.75,"Aug","International",184,28,32,38,19,20,1431,1564,0.09,212,0.13,6,1
"398","Singapore","Boeing",12.75,"Sep","International",184,28,32,38,19,20,1431,1564,0.09,212,0.13,6,1
"399","Singapore","Boeing",12.75,"Oct","International",184,28,32,38,19,20,1431,1564,0.09,212,0.13,6,1
"400","Singapore","Boeing",12.75,"Jul","International",184,28,32,38,19,20,1431,1564,0.09,212,0.13,6,1
"401","Virgin","Boeing",11.25,"Jul","International",198,35,31,38,18,21,574,1619,1.82,233,0.15,7,3
"402","Virgin","Boeing",11.25,"Aug","International",198,35,31,38,18,21,574,1619,1.82,233,0.15,7,3
"403","Virgin","Boeing",11.25,"Sep","International",198,35,31,38,18,21,574,1619,1.82,233,0.15,7,3
"404","Virgin","Boeing",11.25,"Oct","International",198,35,31,38,18,21,574,1619,1.82,233,0.15,7,3
"405","Virgin","Boeing",12.08,"Aug","International",198,35,31,38,18,21,1086,2964,1.73,233,0.15,7,3
"406","Virgin","Boeing",12.08,"Sep","International",198,35,31,38,18,21,1086,2964,1.73,233,0.15,7,3
"407","Virgin","Boeing",12.08,"Oct","International",198,35,31,38,18,21,1086,2964,1.73,233,0.15,7,3
"408","Virgin","Boeing",12.08,"Jul","International",198,35,31,38,18,21,1247,2964,1.38,233,0.15,7,3
"409","Virgin","AirBus",6.91,"Jul","International",233,38,31,38,18,21,1434,2982,1.08,271,0.14,7,3
"410","Virgin","AirBus",6.91,"Aug","International",233,38,31,38,18,21,1434,2982,1.08,271,0.14,7,3
"411","Virgin","AirBus",6.91,"Sep","International",233,38,31,38,18,21,1434,2982,1.08,271,0.14,7,3
"412","Virgin","AirBus",6.91,"Oct","International",233,38,31,38,18,21,1434,2982,1.08,271,0.14,7,3
"413","Virgin","AirBus",6.58,"Jul","International",233,38,31,38,18,21,1476,2997,1.03,271,0.14,7,3
"414","Virgin","AirBus",6.58,"Aug","International",233,38,31,38,18,21,1476,2997,1.03,271,0.14,7,3
"415","Virgin","AirBus",6.58,"Sep","International",233,38,31,38,18,21,1476,2997,1.03,271,0.14,7,3
"416","Virgin","AirBus",6.58,"Oct","International",233,38,31,38,18,21,1476,2997,1.03,271,0.14,7,3
"417","Virgin","Boeing",9.91,"Jul","International",375,66,31,38,18,21,1781,3509,0.97,441,0.15,7,3
"418","Virgin","Boeing",9.91,"Aug","International",375,66,31,38,18,21,1781,3509,0.97,441,0.15,7,3
"419","Virgin","Boeing",9.91,"Sep","International",375,66,31,38,18,21,1781,3509,0.97,441,0.15,7,3
"420","Virgin","Boeing",9.91,"Oct","International",375,66,31,38,18,21,1781,3509,0.97,441,0.15,7,3
"421","Virgin","Boeing",10.83,"Jul","International",198,35,31,38,18,21,1580,3019,0.91,233,0.15,7,3
"422","Virgin","Boeing",10.83,"Aug","International",198,35,31,38,18,21,1580,3019,0.91,233,0.15,7,3
"423","Virgin","Boeing",10.83,"Sep","International",198,35,31,38,18,21,1580,3019,0.91,233,0.15,7,3
"424","Virgin","Boeing",10.83,"Oct","International",198,35,31,38,18,21,1580,3019,0.91,233,0.15,7,3
"425","Virgin","AirBus",10.41,"Jul","International",233,38,31,38,18,21,1903,3509,0.84,271,0.14,7,3
"426","Virgin","AirBus",10.41,"Aug","International",233,38,31,38,18,21,1903,3509,0.84,271,0.14,7,3
"427","Virgin","AirBus",10.41,"Sep","International",233,38,31,38,18,21,1903,3509,0.84,271,0.14,7,3
"428","Virgin","Boeing",10.41,"Oct","International",198,35,31,38,18,21,1903,3509,0.84,233,0.15,7,3
"429","Virgin","AirBus",8,"Jul","International",185,48,31,38,18,21,1813,3128,0.73,233,0.21,7,3
"430","Virgin","AirBus",8,"Aug","International",185,48,31,38,18,21,1813,3128,0.73,233,0.21,7,3
"431","Virgin","AirBus",8,"Sep","International",185,48,31,38,18,21,1813,3128,0.73,233,0.21,7,3
"432","Virgin","AirBus",8,"Oct","International",185,48,31,38,18,21,1813,3128,0.73,233,0.21,7,3
"433","Virgin","Boeing",12.58,"Aug","International",198,35,31,38,18,21,1096,1710,0.56,233,0.15,7,3
"434","Virgin","Boeing",10.75,"Jul","International",375,66,31,38,18,21,2445,3694,0.51,441,0.15,7,3
"435","Virgin","Boeing",10.75,"Aug","International",375,66,31,38,18,21,2445,3694,0.51,441,0.15,7,3
"436","Virgin","Boeing",10.75,"Sep","International",375,66,31,38,18,21,2445,3694,0.51,441,0.15,7,3
"437","Virgin","Boeing",10.75,"Oct","International",375,66,31,38,18,21,2445,3694,0.51,441,0.15,7,3
"438","Virgin","Boeing",12.58,"Oct","International",198,35,31,38,18,21,975,1465,0.5,233,0.15,7,3
"439","Virgin","AirBus",11.33,"Aug","International",233,38,31,38,18,21,2369,3540,0.49,271,0.14,7,3
"440","Virgin","AirBus",11.33,"Sep","International",233,38,31,38,18,21,2369,3540,0.49,271,0.14,7,3
"441","Virgin","Boeing",11.33,"Oct","International",198,35,31,38,18,21,2369,3540,0.49,233,0.15,7,3
"442","Virgin","AirBus",7.41,"Jul","International",233,38,31,38,18,21,1767,2499,0.41,271,0.14,7,3
"443","Virgin","AirBus",7.41,"Aug","International",233,38,31,38,18,21,1767,2499,0.41,271,0.14,7,3
"444","Virgin","AirBus",7.41,"Sep","International",233,38,31,38,18,21,1767,2499,0.41,271,0.14,7,3
"445","Virgin","AirBus",7.41,"Oct","International",233,38,31,38,18,21,1767,2499,0.41,271,0.14,7,3
"446","Virgin","Boeing",7.66,"Jul","International",198,35,31,38,18,21,1811,2531,0.4,233,0.15,7,3
"447","Virgin","Boeing",7.66,"Aug","International",198,35,31,38,18,21,1811,2531,0.4,233,0.15,7,3
"448","Virgin","Boeing",7.66,"Sep","International",198,35,31,38,18,21,1811,2531,0.4,233,0.15,7,3
"449","Virgin","Boeing",7.66,"Oct","International",198,35,31,38,18,21,1811,2531,0.4,233,0.15,7,3
"450","Virgin","AirBus",8.83,"Jul","International",185,48,31,38,18,21,2052,2856,0.39,233,0.21,7,3
"451","Virgin","AirBus",8.83,"Aug","International",185,48,31,38,18,21,2052,2856,0.39,233,0.21,7,3
"452","Virgin","AirBus",8.83,"Sep","International",185,48,31,38,18,21,2052,2856,0.39,233,0.21,7,3
"453","Virgin","AirBus",8.83,"Oct","International",185,48,31,38,18,21,2052,2856,0.39,233,0.21,7,3
"454","Virgin","AirBus",7.08,"Jul","International",233,38,31,38,18,21,1919,2409,0.26,271,0.14,7,3
"455","Virgin","AirBus",7.08,"Aug","International",185,48,31,38,18,21,1919,2409,0.26,233,0.21,7,3
"456","Virgin","AirBus",7.08,"Sep","International",185,48,31,38,18,21,1919,2409,0.26,233,0.21,7,3
"457","Virgin","AirBus",7.08,"Oct","International",185,48,31,38,18,21,1919,2409,0.26,233,0.21,7,3
"458","Virgin","Boeing",12.58,"Sep","International",198,35,31,38,18,21,1356,1710,0.26,233,0.15,7,3
"459","Virgin","AirBus",7.75,"Jul","International",233,38,31,38,18,21,540,594,0.1,271,0.14,7,3
"460","Virgin","AirBus",7.75,"Aug","International",185,48,31,38,18,21,540,594,0.1,233,0.21,7,3
"461","Virgin","AirBus",7.75,"Sep","International",233,38,31,38,18,21,540,594,0.1,271,0.14,7,3
"462","Virgin","AirBus",7.75,"Oct","International",233,38,31,38,18,21,540,594,0.1,271,0.14,7,3
